id,decision_date,ticker,stock_name,decision,reason,market_analysis,composite_score,rise_probability,rsi,adx,vix_value,created_at,updated_at
2,2026-03-08,AMAT,어플라이드 머티리얼즈,HOLD,골든크로스가 발생했으나 현재가($324.74)가 SMA20($364.78) 대비 약 11% 하회하고 MACD도 매수신호가 아니어서 골든크로스의 유효성이 의심됩니다. RSI 26으로 과매도이나 하락 추세가 강하게 진행 중(ADX 30.5)이므로 낙하하는 칼날을 잡는 격이 될 수 있습니다.,"VIX 29.5로 시장 공포가 높은 상태이며, 매수 후보 4종목 중 3종목(AMAT, TXN, MU)이 반도체 섹터로 과도하게 집중되어 있어 섹터 리스크 관리가 필요합니다. 높은 VIX 환경에서는 과매도 반등을 노리되 선별적 진입이 필수적입니다.",0.5036,13.09,26.19,30.5,29.49,2026-03-08T01:12:31.133949+00:00,2026-03-08T10:54:11.25741+00:00
3,2026-03-08,TXN,텍사스 인스트루먼트,HOLD,"RSI 2.44는 극단적 과매도로 데이터 이상치 가능성이 있으며, 현재가($193.23)가 SMA20($212.39) 대비 약 9% 하회하고 MACD가 강한 하락 신호(-5.0 vs Signal -2.0)를 보여 추가 하락 모멘텀이 남아있습니다. 반도체 섹터 집중 리스크도 고려하여 보류합니다.","VIX 29.5로 시장 공포가 높은 상태이며, 매수 후보 4종목 중 3종목(AMAT, TXN, MU)이 반도체 섹터로 과도하게 집중되어 있어 섹터 리스크 관리가 필요합니다. 높은 VIX 환경에서는 과매도 반등을 노리되 선별적 진입이 필수적입니다.",0.4536,8.65,2.44,32.87,29.49,2026-03-08T01:12:31.407764+00:00,2026-03-08T10:54:11.536691+00:00
4,2026-03-08,CMCSA,컴캐스트,BUY,"4종목 중 유일하게 MACD 매수신호가 확인되었고, 현재가($31.91)가 SMA20($31.36)과 SMA50($30.55) 위에 위치하여 골든크로스가 유효합니다. RSI 58로 과매수/과매도 아닌 건강한 강세 구간이며, 통신/미디어 섹터로 반도체 편중을 피할 수 있어 포트폴리오 다변화에도 기여합니다.","VIX 29.5로 시장 공포가 높은 상태이며, 매수 후보 4종목 중 3종목(AMAT, TXN, MU)이 반도체 섹터로 과도하게 집중되어 있어 섹터 리스크 관리가 필요합니다. 높은 VIX 환경에서는 과매도 반등을 노리되 선별적 진입이 필수적입니다.",0.41,8.52,58.12,15.98,29.49,2026-03-08T01:12:31.714396+00:00,2026-03-08T10:54:11.745297+00:00
5,2026-03-08,MU,마이크론,HOLD,"현재가($370.30)가 SMA20($409.28) 대비 약 9.5% 하회하여 골든크로스 신호가 무효화된 상태이고, MACD도 강한 하락 신호를 보이고 있습니다. 반도체 섹터 3종목 중 상승확률이 5.23%로 가장 낮아 섹터 집중 리스크 관리 차원에서도 보류가 적절합니다.","VIX 29.5로 시장 공포가 높은 상태이며, 매수 후보 4종목 중 3종목(AMAT, TXN, MU)이 반도체 섹터로 과도하게 집중되어 있어 섹터 리스크 관리가 필요합니다. 높은 VIX 환경에서는 과매도 반등을 노리되 선별적 진입이 필수적입니다.",0.4036,5.23,26.4,26.5,29.49,2026-03-08T01:12:32.023027+00:00,2026-03-08T10:54:12.053657+00:00
30,2026-03-09,NFLX,넷플릭스,HOLD,"RSI 73.82로 과매수 구간에 진입한 종목이 매수 후보에 포함된 것은 시스템 오류 가능성이 높으며, 현재가 $99.02가 SMA20($87.28) 대비 13% 상회하여 단기 과열 후 조정 리스크가 큽니다.","VIX 29.49로 시장 공포가 높은 상태이며, 전반적으로 거래량이 5일 평균 대비 극도로 낮아(0.07~0.24배) 유동성 부족과 관망세가 뚜렷합니다. 대부분 종목이 골든크로스 발생에도 현재가가 SMA20을 크게 하회하고 있어 하락 추세 전환 가능성이 높으며, 이런 환경에서는 매우 선별적인 매수만 정당화됩니다.",0.4452,10.3,73.82,42.77,29.49,2026-03-09T14:12:38.64548+00:00,2026-03-09T23:55:11.367258+00:00
31,2026-03-09,CMCSA,컴캐스트,BUY,"MACD 매수신호 확인, RSI 62.68로 강세 진입 구간이며 현재가 $31.91이 SMA20($31.36) 위에 위치하여 기술적 신호가 후보 중 가장 정합적이고, 방어적 통신/미디어 섹터로 고VIX 환경에서 상대적 안정성이 있습니다.","VIX 29.49로 시장 공포가 높은 상태이며, 전반적으로 거래량이 5일 평균 대비 극도로 낮아(0.07~0.24배) 유동성 부족과 관망세가 뚜렷합니다. 대부분 종목이 골든크로스 발생에도 현재가가 SMA20을 크게 하회하고 있어 하락 추세 전환 가능성이 높으며, 이런 환경에서는 매우 선별적인 매수만 정당화됩니다.",0.4385,8.52,62.68,14.86,29.49,2026-03-09T14:12:39.092873+00:00,2026-03-09T23:55:11.876803+00:00
32,2026-03-09,AMGN,암젠,HOLD,"ML 상승확률 3.41%로 후보 중 가장 낮고, MACD 매수신호 없으며 ADX 23.36으로 추세 강도도 보통 수준이라 명확한 매수 근거가 부족합니다.","VIX 29.49로 시장 공포가 높은 상태이며, 전반적으로 거래량이 5일 평균 대비 극도로 낮아(0.07~0.24배) 유동성 부족과 관망세가 뚜렷합니다. 대부분 종목이 골든크로스 발생에도 현재가가 SMA20을 크게 하회하고 있어 하락 추세 전환 가능성이 높으며, 이런 환경에서는 매우 선별적인 매수만 정당화됩니다.",0.3001,3.41,51.0,23.36,29.49,2026-03-09T14:12:39.59698+00:00,2026-03-09T23:55:12.771104+00:00
39,2026-03-09,AMAT,어플라이드 머티리얼즈,HOLD,"현재가 $324.74가 SMA20($364.78) 대비 11% 하회하여 골든크로스가 사실상 무효화된 상태이며, MACD도 매수신호 없고 거래량이 극히 낮아(0.17배) 반등 동력이 부족합니다.","VIX 29.49로 시장 공포가 높은 상태이며, 전반적으로 거래량이 5일 평균 대비 극도로 낮아(0.07~0.24배) 유동성 부족과 관망세가 뚜렷합니다. 대부분 종목이 골든크로스 발생에도 현재가가 SMA20을 크게 하회하고 있어 하락 추세 전환 가능성이 높으며, 이런 환경에서는 매우 선별적인 매수만 정당화됩니다.",0.5009,13.09,41.86,29.41,29.49,2026-03-09T14:55:10.912903+00:00,2026-03-09T23:55:10.751766+00:00
40,2026-03-09,PEP,펩시코,BUY,"방어주 성격으로 VIX 29 환경에서 상대적 안전성이 있고, 현재가 $159.43이 SMA50($160.12) 근처에서 지지를 테스트 중이며 ML 예측 상승률 14.64%로 후보 중 가장 높아 리스크 대비 보상이 양호합니다.","VIX 29.49로 시장 공포가 높은 상태이며, 전반적으로 거래량이 5일 평균 대비 극도로 낮아(0.07~0.24배) 유동성 부족과 관망세가 뚜렷합니다. 대부분 종목이 골든크로스 발생에도 현재가가 SMA20을 크게 하회하고 있어 하락 추세 전환 가능성이 높으며, 이런 환경에서는 매우 선별적인 매수만 정당화됩니다.",0.496,14.64,44.57,27.01,29.49,2026-03-09T14:55:11.226532+00:00,2026-03-09T23:55:11.105152+00:00
42,2026-03-09,TXN,텍사스 인스트루먼트,HOLD,"현재가 $193.23이 SMA20($212.39) 대비 9% 하회하여 골든크로스가 무효화되었고, MACD -5.00으로 강한 하락 모멘텀이 지속 중이며 RSI 30.37은 과매도 근접이나 ADX 32.9의 강한 하락추세에서 낙폭 확대 가능성이 있습니다.","VIX 29.49로 시장 공포가 높은 상태이며, 전반적으로 거래량이 5일 평균 대비 극도로 낮아(0.07~0.24배) 유동성 부족과 관망세가 뚜렷합니다. 대부분 종목이 골든크로스 발생에도 현재가가 SMA20을 크게 하회하고 있어 하락 추세 전환 가능성이 높으며, 이런 환경에서는 매우 선별적인 매수만 정당화됩니다.",0.4427,8.65,30.37,32.9,29.49,2026-03-09T14:55:11.734405+00:00,2026-03-09T23:55:11.617566+00:00
44,2026-03-09,HON,허니웰 인터내셔널,HOLD,"ML 상승확률 5.96%로 낮고, MACD 매수신호 없으며 거래량이 0.07배로 극도로 낮아 매수 진입 시 유동성 리스크가 크고, 현재가가 SMA20 대비 하회하여 모멘텀이 약화되고 있습니다.","VIX 29.49로 시장 공포가 높은 상태이며, 전반적으로 거래량이 5일 평균 대비 극도로 낮아(0.07~0.24배) 유동성 부족과 관망세가 뚜렷합니다. 대부분 종목이 골든크로스 발생에도 현재가가 SMA20을 크게 하회하고 있어 하락 추세 전환 가능성이 높으며, 이런 환경에서는 매우 선별적인 매수만 정당화됩니다.",0.4042,5.96,48.79,44.88,29.49,2026-03-09T14:55:12.257583+00:00,2026-03-09T23:55:12.15354+00:00
45,2026-03-09,MU,마이크론,HOLD,"현재가 $370.30이 SMA20($409.28) 대비 9.5% 하회하여 골든크로스 무효화 상태이고, MACD -4.91로 하락 모멘텀이 강하며 반도체 섹터에서 AMAT도 HOLD인 상황에서 섹터 전반의 약세가 확인됩니다.","VIX 29.49로 시장 공포가 높은 상태이며, 전반적으로 거래량이 5일 평균 대비 극도로 낮아(0.07~0.24배) 유동성 부족과 관망세가 뚜렷합니다. 대부분 종목이 골든크로스 발생에도 현재가가 SMA20을 크게 하회하고 있어 하락 추세 전환 가능성이 높으며, 이런 환경에서는 매우 선별적인 매수만 정당화됩니다.",0.3892,5.23,42.63,25.46,29.49,2026-03-09T14:55:12.587297+00:00,2026-03-09T23:55:12.46163+00:00
47,2026-03-10,AMAT,어플라이드 머티리얼즈,HOLD,"골든크로스가 발생했으나 현재가($338.94)가 SMA20($362.26)을 크게 하회하고 있어 골든크로스의 유효성이 의심되며, MACD도 시그널 하방에 위치해 하락 모멘텀이 지속 중입니다. 반도체 섹터 변동성이 높은 VIX 환경에서 추가 하락 리스크가 있습니다.","VIX 25.5는 시장 불안감이 평균 이상으로 높은 상태이며, 모든 종목의 거래량이 5일 평균 대비 0.0배로 데이터 이상이 의심되어 거래량 기반 신뢰도가 낮습니다. 전반적으로 기술적 신호가 혼재되어 있어 선별적 매수가 필요한 환경입니다.",0.4525,8.65,47.51,27.64,25.5,2026-03-10T12:10:56.049428+00:00,2026-03-10T23:34:41.85563+00:00
48,2026-03-10,NFLX,넷플릭스,HOLD,"RSI 71.65로 과매수 구간에 진입해 있어 단기 조정 가능성이 높으며, 과매수 상태의 종목이 매수 후보에 포함된 것은 시스템 오류 가능성이 있습니다. MACD 매수신호와 강한 ADX(41.05)는 긍정적이나, 과매수 리스크가 우선합니다.","VIX 25.5는 시장 불안감이 평균 이상으로 높은 상태이며, 모든 종목의 거래량이 5일 평균 대비 0.0배로 데이터 이상이 의심되어 거래량 기반 신뢰도가 낮습니다. 전반적으로 기술적 신호가 혼재되어 있어 선별적 매수가 필요한 환경입니다.",0.4336,11.35,71.65,41.05,25.5,2026-03-10T12:10:56.269833+00:00,2026-03-10T23:34:42.147655+00:00
49,2026-03-10,PEP,펩시코,BUY,"방어적 소비재로서 VIX 25.5의 불안정한 시장에서 포트폴리오 안정성을 제공하며, 현재가($161.53)가 SMA50($160.69) 바로 위에서 지지를 받고 있고 ML 예측 상승률 7.22%가 합리적입니다. RSI 48.88로 중립 구간이라 추가 상승 여력이 있습니다.","VIX 25.5는 시장 불안감이 평균 이상으로 높은 상태이며, 모든 종목의 거래량이 5일 평균 대비 0.0배로 데이터 이상이 의심되어 거래량 기반 신뢰도가 낮습니다. 전반적으로 기술적 신호가 혼재되어 있어 선별적 매수가 필요한 환경입니다.",0.3969,7.22,48.88,25.08,25.5,2026-03-10T12:10:56.470193+00:00,2026-03-10T23:34:42.342436+00:00
50,2026-03-10,CMCSA,컴캐스트,BUY,"RSI 52.86으로 강세 진입 초기 단계이며, 현재가($31.04)가 SMA20($31.35)과 근접해 이동평균선 수렴 후 상방 돌파 가능성이 있습니다. ADX가 14.19로 추세가 약하지만 ML 예측 상승확률 9.03%와 밸류에이션 매력이 있어 소규모 진입이 유효합니다.","VIX 25.5는 시장 불안감이 평균 이상으로 높은 상태이며, 모든 종목의 거래량이 5일 평균 대비 0.0배로 데이터 이상이 의심되어 거래량 기반 신뢰도가 낮습니다. 전반적으로 기술적 신호가 혼재되어 있어 선별적 매수가 필요한 환경입니다.",0.3685,9.03,52.86,14.19,25.5,2026-03-10T12:10:56.69007+00:00,2026-03-10T23:34:42.5401+00:00
51,2026-03-10,MDLZ,몬델리즈,HOLD,"SMA20과 SMA50이 동일($59.54)하여 방향성이 불분명하고, ADX 16.27로 추세가 매우 약해 횡보 구간에 갇혀 있습니다. MACD도 하방이며 감성분석 데이터가 없어 촉매 부재로 진입 시점이 아닙니다. PEP와 같은 소비재 섹터 중복도 고려했습니다.","VIX 25.5는 시장 불안감이 평균 이상으로 높은 상태이며, 모든 종목의 거래량이 5일 평균 대비 0.0배로 데이터 이상이 의심되어 거래량 기반 신뢰도가 낮습니다. 전반적으로 기술적 신호가 혼재되어 있어 선별적 매수가 필요한 환경입니다.",0.3136,6.88,44.67,16.27,25.5,2026-03-10T12:10:56.904716+00:00,2026-03-10T23:34:42.742473+00:00
52,2026-03-10,COST,코스트코,HOLD,"ML 예측 상승확률 5.56%로 후보 중 가장 낮고, ADX 19.52로 추세가 약하며 MACD가 시그널 하방으로 전환 중입니다. $1,005 고가 종목으로 VIX 25.5 환경에서 하방 리스크 대비 보상이 불충분하며, PEP로 소비재 섹터 노출이 이미 확보되어 있습니다.","VIX 25.5는 시장 불안감이 평균 이상으로 높은 상태이며, 모든 종목의 거래량이 5일 평균 대비 0.0배로 데이터 이상이 의심되어 거래량 기반 신뢰도가 낮습니다. 전반적으로 기술적 신호가 혼재되어 있어 선별적 매수가 필요한 환경입니다.",0.3136,5.56,56.77,19.52,25.5,2026-03-10T12:10:57.090737+00:00,2026-03-10T23:34:42.933564+00:00
59,2026-03-11,NFLX,넷플릭스,BUY,"골든크로스 확인, MACD 매수신호, ADX 39.34로 강한 상승추세가 유효하며, ML 상승확률 64.49%로 후보 중 가장 높고 현재가(96.94)가 SMA20(90.40)·SMA50(85.28) 위에 위치해 기술적 신호가 유효하다. 거래량 데이터 이상(0.0배)은 시스템 오류 가능성이 있으나 나머지 지표가 일관되게 강세를 지지한다.","VIX 24.93은 시장 불안이 높은 수준으로, 적극적 매수보다는 선별적 접근이 필요한 환경이다. 다만 공포가 극단적(30+)이지는 않아 강한 기술적·펀더멘털 근거가 있는 종목은 진입 가능하다.",0.4932,64.49,67.43,39.34,24.93,2026-03-11T12:51:32.470021+00:00,2026-03-11T23:35:05.116229+00:00
60,2026-03-11,PYPL,페이팔,HOLD,"골든크로스 미발생, 현재가(45.02)가 SMA50(46.50) 하회로 하락 압력 존재하며, 감성분석이 -0.257로 부정적이고 ADX 23.2로 뚜렷한 추세가 없어 MACD 매수신호만으로는 진입 근거가 부족하다.","VIX 24.93은 시장 불안이 높은 수준으로, 적극적 매수보다는 선별적 접근이 필요한 환경이다. 다만 공포가 극단적(30+)이지는 않아 강한 기술적·펀더멘털 근거가 있는 종목은 진입 가능하다.",0.3822,17.05,44.08,23.2,24.93,2026-03-11T12:51:32.67979+00:00,2026-03-11T23:35:05.403572+00:00
61,2026-03-11,PEP,펩시코,HOLD,"골든크로스가 있으나 현재가(160.78)가 SMA20(165.03)을 크게 하회하고 MACD가 데드크로스 상태(-0.5617 < Signal 0.6107)로 하락 모멘텀이 진행 중이며, ML 상승확률 7.12%로 매우 낮아 매수 타이밍이 아니다.","VIX 24.93은 시장 불안이 높은 수준으로, 적극적 매수보다는 선별적 접근이 필요한 환경이다. 다만 공포가 극단적(30+)이지는 않아 강한 기술적·펀더멘털 근거가 있는 종목은 진입 가능하다.",0.3612,7.12,47.45,23.99,24.93,2026-03-11T12:51:32.862346+00:00,2026-03-11T23:35:05.599993+00:00
62,2026-03-11,AMAT,어플라이드 머티리얼즈,HOLD,"현재가(345.88)가 SMA20(361.09)을 크게 하회해 골든크로스의 유효성이 의심되고, MACD가 강한 데드크로스(-2.95 vs Signal 2.30)를 보이며, ML 상승확률 2.02%로 극히 낮아 단기 하락 리스크가 크다.","VIX 24.93은 시장 불안이 높은 수준으로, 적극적 매수보다는 선별적 접근이 필요한 환경이다. 다만 공포가 극단적(30+)이지는 않아 강한 기술적·펀더멘털 근거가 있는 종목은 진입 가능하다.",0.3106,2.02,50.08,25.3,24.93,2026-03-11T12:51:33.040454+00:00,2026-03-11T23:35:05.799901+00:00
67,2026-03-12,CMCSA,컴캐스트,HOLD,"ML 상승확률 8.89%로 가장 높고 골든크로스가 유효하나, 현재가($30.57)가 SMA20($31.29) 하회, ADX 13.46으로 추세가 매우 약하며 MACD 매수신호 미발생으로 횡보 구간에서의 진입은 리스크가 큽니다.","VIX 24.2로 시장 불안감이 다소 높은 상태이며, 모든 후보 종목의 거래량이 5일 평균 대비 0.0배로 데이터 이상 가능성이 있고, MACD가 전 종목 매수신호 미발생 상태로 단기 모멘텀이 부재한 환경입니다.",0.3749,8.89,48.13,13.46,24.23,2026-03-12T12:42:18.443195+00:00,2026-03-12T23:35:11.316131+00:00
68,2026-03-12,PEP,펩시코,BUY,"방어적 소비재로 VIX 24 환경에서 안전자산 역할이 가능하고, 감성분석 긍정적이며 ML 예측가 대비 약 7.9% 상승여력이 있습니다. 현재가가 SMA50($161.23) 근처에서 지지받고 있어 골든크로스 초기 진입으로 유효하며, ADX 23.4로 추세가 형성되기 시작하는 구간입니다.","VIX 24.2로 시장 불안감이 다소 높은 상태이며, 모든 후보 종목의 거래량이 5일 평균 대비 0.0배로 데이터 이상 가능성이 있고, MACD가 전 종목 매수신호 미발생 상태로 단기 모멘텀이 부재한 환경입니다.",0.3602,7.88,46.23,23.4,24.23,2026-03-12T12:42:18.782159+00:00,2026-03-12T23:35:11.595839+00:00
69,2026-03-12,HON,허니웰 인터내셔널,BUY,"ADX 39.62로 5개 종목 중 유일하게 강한 추세를 보이고 있으며, RSI 53.61로 과매수 부담 없이 강세 진입 구간입니다. 감성분석 긍정적이고 골든크로스 유효하며, 현재가가 SMA20 근처에서 눌림목 매수 기회로 판단됩니다.","VIX 24.2로 시장 불안감이 다소 높은 상태이며, 모든 후보 종목의 거래량이 5일 평균 대비 0.0배로 데이터 이상 가능성이 있고, MACD가 전 종목 매수신호 미발생 상태로 단기 모멘텀이 부재한 환경입니다.",0.3552,3.76,53.61,39.62,24.23,2026-03-12T12:42:19.020092+00:00,2026-03-12T23:35:11.798827+00:00
70,2026-03-12,COST,코스트코,HOLD,"골든크로스와 RSI 강세 진입은 긍정적이나, ADX 18.82로 추세가 약하고 MACD가 시그널선 하회 중이며, $992 수준의 고가 종목 특성상 VIX 24 환경에서 변동성 리스크가 크므로 추세 확인 후 진입이 바람직합니다.","VIX 24.2로 시장 불안감이 다소 높은 상태이며, 모든 후보 종목의 거래량이 5일 평균 대비 0.0배로 데이터 이상 가능성이 있고, MACD가 전 종목 매수신호 미발생 상태로 단기 모멘텀이 부재한 환경입니다.",0.3387,5.52,51.7,18.82,24.23,2026-03-12T12:42:19.251597+00:00,2026-03-12T23:35:12.01352+00:00
71,2026-03-12,AMAT,어플라이드 머티리얼즈,HOLD,"현재가($351.07)가 SMA20($360.15)을 크게 하회하여 골든크로스의 유효성이 의심되며, MACD가 -2.38로 시그널선 대비 큰 폭 하회 중이어서 단기 하락 모멘텀이 강합니다. 반도체 섹터 변동성이 높은 시점에서 추가 하락 가능성을 배제할 수 없습니다.","VIX 24.2로 시장 불안감이 다소 높은 상태이며, 모든 후보 종목의 거래량이 5일 평균 대비 0.0배로 데이터 이상 가능성이 있고, MACD가 전 종목 매수신호 미발생 상태로 단기 모멘텀이 부재한 환경입니다.",0.3241,3.41,51.96,23.5,24.23,2026-03-12T12:42:19.482525+00:00,2026-03-12T23:35:12.248178+00:00
77,2026-03-13,NFLX,넷플릭스,BUY,"종합점수 최고(0.50), ML 상승확률 21.45%로 가장 높고, 골든크로스 유효(현재가 94.31 > SMA20 92.08), RSI 60으로 강세 진입 구간이며 ADX 35로 강한 추세가 확인됩니다. MACD 매수신호 미발생과 거래량 부재가 우려되나, 추세 강도와 상승 여력을 감안하면 진입 가치가 있습니다.","VIX 27.29로 시장 불안감이 높은 상태이며, 모든 후보 종목의 거래량이 5일 평균 대비 0.0배로 비정상적으로 낮아 유동성 리스크가 존재합니다. MACD가 전 종목에서 매수신호를 보이지 않고 있어 단기 모멘텀이 부재한 환경입니다.",0.5006,21.45,60.03,35.12,27.29,2026-03-13T12:50:53.729243+00:00,2026-03-13T23:33:29.923451+00:00
78,2026-03-13,AMAT,어플라이드 머티리얼즈,HOLD,"골든크로스가 발생했으나 현재가(337.27)가 SMA20(358.25)을 크게 하회하여 골든크로스 신호의 유효성이 의심됩니다. RSI 46.89로 중립, MACD도 음수(-3.0)로 하락 모멘텀이 남아있어 추가 하락 가능성이 있습니다.","VIX 27.29로 시장 불안감이 높은 상태이며, 모든 후보 종목의 거래량이 5일 평균 대비 0.0배로 비정상적으로 낮아 유동성 리스크가 존재합니다. MACD가 전 종목에서 매수신호를 보이지 않고 있어 단기 모멘텀이 부재한 환경입니다.",0.4661,13.44,46.89,23.09,27.29,2026-03-13T12:50:53.946502+00:00,2026-03-13T23:33:30.234732+00:00
79,2026-03-13,HON,허니웰 인터내셔널,HOLD,"현재가(233.40)가 SMA20(241.08)과 SMA50(236.39) 모두 하회하여 골든크로스에도 불구하고 가격이 이동평균선 아래로 이탈한 상태입니다. ML 상승확률 4.8%로 매우 낮고, MACD 음수 전환으로 단기 하락 압력이 존재합니다.","VIX 27.29로 시장 불안감이 높은 상태이며, 모든 후보 종목의 거래량이 5일 평균 대비 0.0배로 비정상적으로 낮아 유동성 리스크가 존재합니다. MACD가 전 종목에서 매수신호를 보이지 않고 있어 단기 모멘텀이 부재한 환경입니다.",0.3534,4.8,45.94,35.86,27.29,2026-03-13T12:50:54.14125+00:00,2026-03-13T23:33:30.479395+00:00
80,2026-03-13,AMGN,암젠,HOLD,"ADX 19.25로 추세가 약하여 방향성 없는 횡보 구간에 있으며, MACD가 시그널선 아래로 하락 중(0.99 vs 2.78)입니다. ML 상승확률 6.67%로 낮고, VIX가 높은 환경에서 추세 약한 종목 진입은 리스크 대비 보상이 불리합니다.","VIX 27.29로 시장 불안감이 높은 상태이며, 모든 후보 종목의 거래량이 5일 평균 대비 0.0배로 비정상적으로 낮아 유동성 리스크가 존재합니다. MACD가 전 종목에서 매수신호를 보이지 않고 있어 단기 모멘텀이 부재한 환경입니다.",0.3361,6.67,48.61,19.25,27.29,2026-03-13T12:50:54.337402+00:00,2026-03-13T23:33:30.718749+00:00
81,2026-03-13,PEP,펩시코,HOLD,"현재가(158.86)가 SMA20(164.51)과 SMA50(161.47) 모두 하회하여 골든크로스 신호가 무력화된 상태입니다. ML 상승확률 4.93%로 낮고, MACD가 음수(-0.95)로 하락 모멘텀이 지속되고 있어 바닥 확인 전까지 관망이 적절합니다.","VIX 27.29로 시장 불안감이 높은 상태이며, 모든 후보 종목의 거래량이 5일 평균 대비 0.0배로 비정상적으로 낮아 유동성 리스크가 존재합니다. MACD가 전 종목에서 매수신호를 보이지 않고 있어 단기 모멘텀이 부재한 환경입니다.",0.3105,4.93,43.76,22.61,27.29,2026-03-13T12:50:54.522439+00:00,2026-03-13T23:33:30.975973+00:00
87,2026-03-16,AMAT,어플라이드 머티리얼즈,BUY,"ML 상승확률 10.11%로 후보 중 가장 높고, 골든크로스가 유효하며 현재가(341.53)가 SMA50(344.93) 부근에서 지지를 테스트 중이다. MACD가 하락세이나 RSI 48.56은 중립으로 하방 과매도 리스크가 낮고, 반도체 장비 섹터의 구조적 수요를 감안하면 현 가격대에서 진입 매력이 있다.","VIX 27.19는 시장 불안이 상당히 높은 수준으로, 적극적 매수보다는 선별적 접근이 필요한 환경이다. 모든 후보 종목의 거래량이 5일 평균 대비 0.0배로 기록되어 데이터 신뢰성에 의문이 있으며, MACD 매수신호도 대부분 부재하여 기술적 모멘텀이 약하다.",0.4195,10.11,48.56,21.36,27.19,2026-03-16T11:42:59.170137+00:00,2026-03-16T23:30:40.398384+00:00
88,2026-03-16,AMGN,암젠,HOLD,"골든크로스가 형성되었으나 현재가(366.21)가 SMA20(376.28)을 크게 하회하여 골든크로스의 유효성이 의심되며, ADX 18.2로 추세가 약해 횡보 가능성이 높다. MACD도 시그널선 아래에 있어 단기 모멘텀이 부정적이다.","VIX 27.19는 시장 불안이 상당히 높은 수준으로, 적극적 매수보다는 선별적 접근이 필요한 환경이다. 모든 후보 종목의 거래량이 5일 평균 대비 0.0배로 기록되어 데이터 신뢰성에 의문이 있으며, MACD 매수신호도 대부분 부재하여 기술적 모멘텀이 약하다.",0.3373,7.15,47.52,18.2,27.19,2026-03-16T11:42:59.434448+00:00,2026-03-16T23:30:40.711004+00:00
89,2026-03-16,CMCSA,컴캐스트,HOLD,"상승확률 5.92%로 낮고, ADX 13.88은 뚜렷한 추세 부재를 나타내며, 감성분석 점수도 0.136으로 후보 중 가장 낮다. 현재가(30.16)가 SMA20(31.03)과 SMA50(30.89) 모두 하회하여 골든크로스에도 불구하고 가격이 이탈한 상태로 신호 신뢰도가 낮다.","VIX 27.19는 시장 불안이 상당히 높은 수준으로, 적극적 매수보다는 선별적 접근이 필요한 환경이다. 모든 후보 종목의 거래량이 5일 평균 대비 0.0배로 기록되어 데이터 신뢰성에 의문이 있으며, MACD 매수신호도 대부분 부재하여 기술적 모멘텀이 약하다.",0.3272,5.92,44.43,13.88,27.19,2026-03-16T11:42:59.777993+00:00,2026-03-16T23:30:40.914114+00:00
90,2026-03-16,COST,코스트코,BUY,"유일하게 MACD 매수신호가 발생했고, RSI 57.16으로 강세 진입 구간이며, 현재가(1008.43)가 SMA20(1001.50)과 SMA50(991.41) 모두 상회하여 기술적 구조가 가장 건전하다. 상승확률은 2.42%로 낮지만, 방어적 소비재 특성상 VIX 27 환경에서 포트폴리오 안정성을 제공하며 기술적 점수 1.0은 후보 중 최고이다.","VIX 27.19는 시장 불안이 상당히 높은 수준으로, 적극적 매수보다는 선별적 접근이 필요한 환경이다. 모든 후보 종목의 거래량이 5일 평균 대비 0.0배로 기록되어 데이터 신뢰성에 의문이 있으며, MACD 매수신호도 대부분 부재하여 기술적 모멘텀이 약하다.",0.3023,2.42,57.16,15.77,27.19,2026-03-16T11:42:59.996559+00:00,2026-03-16T23:30:41.114946+00:00
95,2026-03-17,COST,코스트코,HOLD,"골든크로스가 형성되었으나 ADX 15.49로 추세가 매우 약하고, MACD 매수신호도 미발생 상태이며, FOMC가 오늘-내일 진행 중이므로 결과 확인 후 진입이 합리적이다. 거래량도 극히 낮아(0.0배) 매수세 확인이 불가하다.","VIX 23.5는 시장 불안이 다소 높은 수준으로, 공격적 매수보다는 선별적 접근이 필요한 환경이다. 3월 FOMC(3/17-18)가 바로 오늘-내일 진행 중이므로 매크로 이벤트 리스크가 매우 높아 신규 매수에 극도로 신중해야 한다.",0.3304,5.27,54.29,15.49,23.51,2026-03-17T13:05:16.855553+00:00,2026-03-17T23:33:13.126197+00:00
96,2026-03-17,GOOG,구글 C,HOLD,"MACD 매수신호가 발생했고 ADX 28.6으로 추세 강도는 양호하나, 현재가(304.42)가 SMA50(314.82) 대비 약 3.3% 하회하여 데드크로스 상태이고 RSI도 43.6으로 모멘텀이 부족하다. FOMC 이벤트 리스크와 결합하면 진입 시점이 아니다.","VIX 23.5는 시장 불안이 다소 높은 수준으로, 공격적 매수보다는 선별적 접근이 필요한 환경이다. 3월 FOMC(3/17-18)가 바로 오늘-내일 진행 중이므로 매크로 이벤트 리스크가 매우 높아 신규 매수에 극도로 신중해야 한다.",0.3188,3.35,43.64,28.62,23.51,2026-03-17T13:05:17.095263+00:00,2026-03-17T23:33:13.448426+00:00
97,2026-03-17,PEP,펩시코,HOLD,"골든크로스가 형성되었으나 현재가(157.72)가 SMA20(162.99)과 SMA50(162.66) 모두 약 3% 이상 하회하여 골든크로스의 유효성이 의심되며, MACD도 하락 추세(시그널 하회)로 실질적 매수 신호가 아니다. FOMC 결과 대기가 우선이다.","VIX 23.5는 시장 불안이 다소 높은 수준으로, 공격적 매수보다는 선별적 접근이 필요한 환경이다. 3월 FOMC(3/17-18)가 바로 오늘-내일 진행 중이므로 매크로 이벤트 리스크가 매우 높아 신규 매수에 극도로 신중해야 한다.",0.3125,5.0,42.05,20.9,23.51,2026-03-17T13:05:17.31583+00:00,2026-03-17T23:33:13.64819+00:00
101,2026-03-18,NFLX,넷플릭스,HOLD,"ML 상승확률이 41.14%로 50% 미만이고, MACD가 시그널선 하회(매수신호 없음)하며, 거래량 데이터가 0.0배로 비정상적이어서 신뢰할 수 없습니다. 골든크로스와 강한 ADX는 긍정적이나, 현재가($94.36)가 SMA20($96.15) 아래에 위치해 단기 하락 압력이 존재하고, 예측가($133.18) 대비 괴리가 지나치게 커 ML 모델의 신뢰성에도 의문이 있습니다.","VIX 22.37은 시장 불안이 다소 높은 수준으로, 적극적 매수보다는 선별적 접근이 필요한 환경입니다. 두 종목 모두 거래량이 5일 평균 대비 0.0배로 사실상 데이터 결측이 의심되며, 이는 신뢰도를 크게 떨어뜨리는 요소입니다.",0.4995,41.14,58.92,30.41,22.37,2026-03-18T12:53:45.480554+00:00,2026-03-18T23:32:11.742256+00:00
102,2026-03-18,HON,허니웰 인터내셔널,HOLD,"ML 상승확률이 3.65%로 극히 낮아 하락 가능성이 압도적이며, RSI 43.55로 모멘텀이 약하고, MACD도 음수 영역에서 시그널선을 하회하고 있어 기술적으로도 매수 근거가 부족합니다. 현재가($231.42)가 SMA20($238.71)과 SMA50($237.62) 모두 하회하여 골든크로스의 유효성이 의심됩니다.","VIX 22.37은 시장 불안이 다소 높은 수준으로, 적극적 매수보다는 선별적 접근이 필요한 환경입니다. 두 종목 모두 거래량이 5일 평균 대비 0.0배로 사실상 데이터 결측이 의심되며, 이는 신뢰도를 크게 떨어뜨리는 요소입니다.",0.3513,3.65,43.55,31.03,22.37,2026-03-18T12:53:45.852018+00:00,2026-03-18T23:32:12.136654+00:00
105,2026-03-19,HON,허니웰 인터내셔널,HOLD,"골든크로스가 발생했으나 현재가($229.92)가 SMA20($238.16) 대비 약 3.5% 하회하고 있어 유효한 매수 신호로 보기 어렵고, MACD가 시그널선 아래에서 하락 중이며 RSI 41.77로 반등 모멘텀도 부족합니다. 거래량 데이터 이상(0.0배)도 신뢰도를 떨어뜨립니다.","VIX 25.09로 시장 불안감이 높은 상태이며, 두 후보 종목 모두 현재가가 SMA20/SMA50을 크게 하회하고 있어 골든크로스의 유효성이 의심되고, 거래량이 5일 평균 대비 0.0배로 사실상 데이터 부재 또는 극도로 낮은 유동성 상태입니다.",0.3504,4.56,41.77,29.86,25.09,2026-03-19T11:21:57.981268+00:00,2026-03-19T23:33:35.228152+00:00
106,2026-03-19,SBUX,스타벅스,HOLD,"현재가($92.66)가 SMA20($98.40) 대비 약 5.8%, SMA50($96.86) 대비 약 4.3% 하회하여 골든크로스가 무의미하며, RSI 37.65로 과매도 근접이지만 MACD가 시그널선 아래로 하락 전환 중이고 감성분석 점수(0.003)가 거의 중립으로 상승 촉매가 부재합니다. VIX 25 환경에서 낙하하는 칼날을 잡을 근거가 불충분합니다.","VIX 25.09로 시장 불안감이 높은 상태이며, 두 후보 종목 모두 현재가가 SMA20/SMA50을 크게 하회하고 있어 골든크로스의 유효성이 의심되고, 거래량이 5일 평균 대비 0.0배로 사실상 데이터 부재 또는 극도로 낮은 유동성 상태입니다.",0.3339,4.31,37.65,25.97,25.09,2026-03-19T11:21:58.331008+00:00,2026-03-19T23:33:35.53086+00:00
109,2026-03-23,NFLX,넷플릭스,HOLD,"골든크로스가 발생했으나 현재가($91.82)가 SMA20($95.72)을 하회하고 있어 골든크로스의 유효성이 의심되며, MACD가 시그널선 아래에 있어 매수신호가 부재합니다. 또한 거래량이 5일 평균 대비 0.01배로 극도로 낮아 유동성 리스크가 크고, ML 상승확률 33%는 하락 가능성이 더 높음을 시사하므로 진입을 보류합니다.","VIX 26.78로 시장 불안감이 높은 상태이며, 변동성이 확대된 환경에서 매수 진입 시 리스크 관리가 필수적입니다. 전반적으로 방어적 접근이 필요하나, 개별 종목의 기술적·펀더멘털 조건이 충족되면 선별적 매수는 가능합니다.",0.5018,33.32,51.23,25.11,26.78,2026-03-23T12:25:55.926637+00:00,2026-03-23T23:34:00.336894+00:00
110,2026-03-23,SBUX,스타벅스,HOLD,"현재가($92.55)가 SMA20($97.53)과 SMA50($96.88) 모두를 크게 하회하여 골든크로스가 무력화된 상태이고, RSI 37.41로 약세 영역에 진입 중이며 MACD도 음수로 하락 모멘텀이 지속되고 있습니다. 감성분석도 소폭 부정적이고 ML 상승확률이 6%에 불과하여 매수 근거가 부족합니다.","VIX 26.78로 시장 불안감이 높은 상태이며, 변동성이 확대된 환경에서 매수 진입 시 리스크 관리가 필수적입니다. 전반적으로 방어적 접근이 필요하나, 개별 종목의 기술적·펀더멘털 조건이 충족되면 선별적 매수는 가능합니다.",0.3761,6.06,37.41,25.99,26.78,2026-03-23T12:25:56.18537+00:00,2026-03-23T23:34:00.659552+00:00
113,2026-03-24,NFLX,넷플릭스,HOLD,"골든크로스 발생에도 현재가($93.38)가 SMA20($95.51)을 하회하고 있어 골든크로스의 유효성이 의심되며, MACD가 시그널선 아래에서 하락 중이고 거래량이 사실상 0에 가까워 매수 모멘텀이 전혀 확인되지 않습니다. VIX 26 이상의 고변동성 환경에서 추세 확인 없이 진입하기엔 리스크가 큽니다.","VIX 26.15로 시장 불안감이 높은 상태이며, 변동성이 확대된 환경에서 공격적 매수보다는 선별적 접근이 필요한 시점입니다. 두 종목 모두 골든크로스는 형성되었으나 MACD 매수신호 미발생, 거래량 극히 부진 등 모멘텀 확인이 부족합니다.",0.312,3.59,55.18,23.43,26.15,2026-03-24T13:07:56.575778+00:00,2026-03-24T23:30:43.533622+00:00
114,2026-03-24,PYPL,페이팔,HOLD,"ML 상승확률 7.21%로 상대적으로 양호하나, ADX 16.64로 추세가 매우 약한 횡보 구간이며 MACD 매수신호 미발생, 감성분석이 음수(-0.11)로 시장 심리도 부정적입니다. 거래량 0.08배로 극도로 낮아 유의미한 가격 움직임을 기대하기 어렵고, 추세 형성 확인 후 진입이 바람직합니다.","VIX 26.15로 시장 불안감이 높은 상태이며, 변동성이 확대된 환경에서 공격적 매수보다는 선별적 접근이 필요한 시점입니다. 두 종목 모두 골든크로스는 형성되었으나 MACD 매수신호 미발생, 거래량 극히 부진 등 모멘텀 확인이 부족합니다.",0.3023,7.21,48.83,16.64,26.15,2026-03-24T13:07:56.777754+00:00,2026-03-24T23:30:43.807687+00:00
117,2026-03-25,SBUX,스타벅스,HOLD,"골든크로스가 발생했으나 현재가($91.98)가 SMA20($97.13) 대비 약 5.3% 하회하여 골든크로스 신호가 무효화되고 있으며, MACD도 매도 영역에 있고 거래량이 사실상 0배로 매수 근거가 부족합니다. RSI 37.7은 과매도 근접이나 ADX 26.6의 하락 추세 속 낙폭 확대 가능성이 있어 진입 시점이 아닙니다.","VIX 26.95로 시장 불안감이 높은 상태이며, 두 종목 모두 현재가가 SMA20/SMA50을 크게 하회하고 MACD 매수신호도 없어 골든크로스의 유효성이 의심되는 환경입니다.",0.3363,3.85,37.71,26.6,26.95,2026-03-25T13:26:19.835892+00:00,2026-03-25T23:34:01.989763+00:00
118,2026-03-25,MU,마이크론,HOLD,"현재가($395.53)가 SMA20($414.04) 대비 약 4.5% 하회하여 골든크로스 유효성이 약하고, MACD가 시그널선 아래로 하락 중이며 ADX 18.16으로 추세 자체가 약해 방향성 없는 하락 구간입니다. 거래량도 0.03배로 극히 낮아 기관 매수세가 부재하며, 반도체 섹터 변동성이 높은 VIX 환경에서 무리한 진입은 부적절합니다.","VIX 26.95로 시장 불안감이 높은 상태이며, 두 종목 모두 현재가가 SMA20/SMA50을 크게 하회하고 MACD 매수신호도 없어 골든크로스의 유효성이 의심되는 환경입니다.",0.336,5.56,45.11,18.16,26.95,2026-03-25T13:26:20.183976+00:00,2026-03-25T23:34:02.344017+00:00
121,2026-03-26,MU,마이크론,HOLD,"골든크로스가 발생했으나 현재가(382.09)가 SMA20(413.29)과 SMA50(409.47)을 크게 하회하여 골든크로스 신호가 무효화된 상태이며, ADX 18.66으로 추세가 약하고 거래량도 거의 없어 하락 추세 지속 가능성이 높습니다.","VIX 25.3으로 시장 불안감이 높은 상태이며, 세 종목 모두 거래량이 5일 평균 대비 거의 0에 가까워 유동성이 극도로 낮고, MACD 매수신호도 부재하여 전반적으로 매수에 불리한 환경입니다.",0.4166,17.07,41.89,18.66,25.33,2026-03-26T12:55:26.23127+00:00,2026-03-26T23:33:08.470349+00:00
122,2026-03-26,PYPL,페이팔,HOLD,"감성분석이 -0.16으로 부정적이고, MACD 매수신호 부재, ADX 14.58로 추세가 매우 약하며, 거래량이 사실상 0으로 매수 진입 시 슬리피지 리스크가 크고 방향성 없는 횡보 구간으로 판단됩니다.","VIX 25.3으로 시장 불안감이 높은 상태이며, 세 종목 모두 거래량이 5일 평균 대비 거의 0에 가까워 유동성이 극도로 낮고, MACD 매수신호도 부재하여 전반적으로 매수에 불리한 환경입니다.",0.3471,11.11,46.86,14.58,25.33,2026-03-26T12:55:26.565553+00:00,2026-03-26T23:33:08.729793+00:00
123,2026-03-26,NFLX,넷플릭스,HOLD,"세 종목 중 감성분석(0.21)이 가장 긍정적이고 RSI가 중립 구간이며 현재가가 SMA50(88.01) 위에 있어 상대적으로 양호하나, ML 상승확률이 3.24%로 매우 낮고 MACD가 하향 교차 중이며 거래량 부재로 현 시점 매수 근거가 부족합니다.","VIX 25.3으로 시장 불안감이 높은 상태이며, 세 종목 모두 거래량이 5일 평균 대비 거의 0에 가까워 유동성이 극도로 낮고, MACD 매수신호도 부재하여 전반적으로 매수에 불리한 환경입니다.",0.315,3.24,51.97,20.43,25.33,2026-03-26T12:55:26.811597+00:00,2026-03-26T23:33:08.928561+00:00
127,2026-03-27,PYPL,페이팔,HOLD,"골든크로스와 MACD 매수신호가 있으나, ADX 13.88로 추세가 매우 약해 횡보 가능성이 높고, 감성분석이 부정적(-0.19)이며, 거래량이 5일 평균 대비 0.0배로 매수세 유입이 전혀 확인되지 않습니다. VIX 27 이상의 고변동성 환경에서 추세 없는 종목에 진입하는 것은 리스크 대비 보상이 불리합니다.","VIX 27.44는 시장 불안감이 상당히 높은 수준으로, 변동성 확대 구간에서 신규 매수는 보수적으로 접근해야 합니다. 리스크 대비 보상이 명확한 경우에만 진입이 바람직합니다.",0.3659,6.45,48.38,13.88,27.44,2026-03-27T13:03:00.817262+00:00,2026-03-27T23:32:08.605917+00:00
129,2026-03-30,NFLX,넷플릭스,HOLD,"골든크로스가 발생했고 현재가가 SMA20 근처에 있어 기술적으로 양호하나, MACD 매수신호 미발생, ADX 19.33으로 추세가 약하며, 거래량이 사실상 0배로 매수 참여가 전무한 상태이므로 확인 후 진입이 바람직합니다.","VIX 31.05로 시장 공포 수준이 높아 변동성이 크고 하방 리스크가 상존하는 환경이며, 대부분 종목의 거래량이 5일 평균 대비 거의 0배로 유동성이 극히 낮아 신뢰할 수 있는 매수 시점으로 보기 어렵습니다. 전반적으로 방어적 접근이 필요하나, 기술적으로 유효한 신호가 있는 종목은 선별적 매수를 고려할 수 있습니다.",0.4177,21.65,54.75,19.33,31.05,2026-03-30T11:53:38.902979+00:00,2026-03-30T23:35:01.291407+00:00
130,2026-03-30,MU,마이크론,HOLD,"골든크로스가 표시되어 있으나 현재가 $357이 SMA20($409), SMA50($407)을 크게 하회하고 있어 골든크로스의 유효성이 의심되며, MACD가 -12.69로 깊은 음수이고 RSI도 36.95로 약세 구간에 있어 하락 추세가 지속 중인 것으로 판단됩니다.","VIX 31.05로 시장 공포 수준이 높아 변동성이 크고 하방 리스크가 상존하는 환경이며, 대부분 종목의 거래량이 5일 평균 대비 거의 0배로 유동성이 극히 낮아 신뢰할 수 있는 매수 시점으로 보기 어렵습니다. 전반적으로 방어적 접근이 필요하나, 기술적으로 유효한 신호가 있는 종목은 선별적 매수를 고려할 수 있습니다.",0.3884,11.15,36.95,20.42,31.05,2026-03-30T11:53:39.323075+00:00,2026-03-30T23:35:01.685565+00:00
131,2026-03-30,AAPL,애플,BUY,"MACD가 시그널선을 상향 돌파하며 매수신호가 발생했고, 현재가가 SMA20 근처에서 반등을 시도 중이며, 감성분석이 양호(0.18)하고 ML 예측가 대비 약 10% 상승 여력이 있어 VIX 고려 시에도 분할 매수 진입이 합리적입니다.","VIX 31.05로 시장 공포 수준이 높아 변동성이 크고 하방 리스크가 상존하는 환경이며, 대부분 종목의 거래량이 5일 평균 대비 거의 0배로 유동성이 극히 낮아 신뢰할 수 있는 매수 시점으로 보기 어렵습니다. 전반적으로 방어적 접근이 필요하나, 기술적으로 유효한 신호가 있는 종목은 선별적 매수를 고려할 수 있습니다.",0.361,9.88,38.37,22.26,31.05,2026-03-30T11:53:39.612775+00:00,2026-03-30T23:35:01.913002+00:00
132,2026-03-30,PEP,펩시코,BUY,"MACD 매수신호가 발생했고 ADX 28.57로 5개 종목 중 가장 강한 추세를 보이며, 방어적 소비재 섹터로서 VIX 31의 고변동성 환경에서 포트폴리오 방어 역할이 가능하고, 감성분석도 양호한 수준입니다.","VIX 31.05로 시장 공포 수준이 높아 변동성이 크고 하방 리스크가 상존하는 환경이며, 대부분 종목의 거래량이 5일 평균 대비 거의 0배로 유동성이 극히 낮아 신뢰할 수 있는 매수 시점으로 보기 어렵습니다. 전반적으로 방어적 접근이 필요하나, 기술적으로 유효한 신호가 있는 종목은 선별적 매수를 고려할 수 있습니다.",0.3507,6.65,40.86,28.57,31.05,2026-03-30T11:53:39.839703+00:00,2026-03-30T23:35:02.205958+00:00
133,2026-03-30,PYPL,페이팔,HOLD,"골든크로스가 발생했으나 MACD 매수신호 미발생, ADX 13.72로 추세가 매우 약하며, 감성분석이 유일하게 음수(-0.11)로 부정적 뉴스 흐름이 확인되어 리스크 대비 보상이 불충분합니다.","VIX 31.05로 시장 공포 수준이 높아 변동성이 크고 하방 리스크가 상존하는 환경이며, 대부분 종목의 거래량이 5일 평균 대비 거의 0배로 유동성이 극히 낮아 신뢰할 수 있는 매수 시점으로 보기 어렵습니다. 전반적으로 방어적 접근이 필요하나, 기술적으로 유효한 신호가 있는 종목은 선별적 매수를 고려할 수 있습니다.",0.3375,10.23,42.36,13.72,31.05,2026-03-30T11:53:40.131611+00:00,2026-03-30T23:35:02.406959+00:00
139,2026-03-31,MU,마이크론,HOLD,"골든크로스가 발생했으나 현재가($321.80)가 SMA20/SMA50($405) 대비 약 20% 이상 하회하여 골든크로스 신호의 유효성이 극히 의심됩니다. MACD도 강한 매도 신호(-16.87)를 보이고, 거래량이 5일 평균 대비 0.02배로 사실상 거래가 없는 수준이며, VIX 30 이상의 고공포 환경에서 감성분석도 부정적(-0.03)이므로 낙하하는 칼날을 잡을 이유가 없습니다.","VIX 30.61로 시장 공포가 높은 상태이며, 변동성이 크고 하방 리스크가 상존하는 환경으로 신규 매수에 보수적 접근이 필요합니다.",0.4251,17.49,30.74,22.68,30.61,2026-03-31T12:56:01.449674+00:00,2026-03-31T23:33:51.58689+00:00
141,2026-04-01,PYPL,페이팔,HOLD,"골든크로스와 MACD 매수신호가 있으나 ADX 11.92로 추세가 극히 약해 횡보장 가능성이 높고, 감성분석이 -0.32로 부정적이며, 거래량이 5일 평균 대비 0.0배로 매수세 유입이 전혀 확인되지 않아 신호의 신뢰도가 낮습니다. 4월 초 실적 시즌 리스크도 고려하면 진입 시점이 아닙니다.","VIX 25.25는 시장 불안감이 평균 이상으로 높은 수준이며, 적극적 매수보다는 선별적 접근이 필요한 환경입니다. 4월 초 분기 실적 시즌 진입과 매크로 불확실성을 감안하면 확신도가 높은 종목만 진입해야 합니다.",0.4531,18.9,49.45,11.92,25.25,2026-04-01T13:05:29.703976+00:00,2026-04-01T23:32:57.855576+00:00
142,2026-04-01,NFLX,넷플릭스,HOLD,"골든크로스 유효하고 RSI 60.91로 강세 진입 구간이나, MACD가 매수신호를 주지 않고 있으며(MACD < Signal, 하향 교차 진행 중), ADX 18.37로 추세 미확립 상태이고, 거래량 0.0배로 실질적 매수세가 부재합니다. 4월 중순 넷플릭스 실적 발표가 임박해 있어 실적 전 신규 진입은 리스크 대비 보상이 불리합니다.","VIX 25.25는 시장 불안감이 평균 이상으로 높은 수준이며, 적극적 매수보다는 선별적 접근이 필요한 환경입니다. 4월 초 분기 실적 시즌 진입과 매크로 불확실성을 감안하면 확신도가 높은 종목만 진입해야 합니다.",0.4265,47.57,60.91,18.37,25.25,2026-04-01T13:05:29.962387+00:00,2026-04-01T23:32:58.572501+00:00
145,2026-04-03,NFLX,넷플릭스,BUY,"골든크로스 확인, MACD 매수신호, RSI 59로 과매수 아닌 강세 진입 구간이며 ML 예측 상승확률 17.6%로 후보 중 가장 높다. 현재가($98.66)가 SMA20($93.78)과 SMA50($90.13) 모두 상회하고 있어 기술적 신호가 유효하며, ADX가 약하지만 골든크로스 초기 단계로 추세 형성 가능성이 있다.","VIX 23.87은 시장 불안이 다소 높은 수준으로, 적극적 매수보다는 선별적 접근이 필요한 환경이다. 4월 초 관세 정책 불확실성과 매크로 이벤트 리스크를 감안하면 확신도 높은 종목에만 진입해야 한다.",0.5789,17.63,58.96,18.66,23.87,2026-04-03T13:26:03.602131+00:00,2026-04-03T23:30:41.238524+00:00
146,2026-04-03,ADBE,어도비,HOLD,"골든크로스 미발생, 현재가($242.92)가 SMA50($256.99) 대비 약 5.5% 하회하며 하락 추세 지속 중이다. ADX 37.72로 강한 추세가 확인되나 이는 하락 추세의 강도를 의미하며, RSI 40으로 반등 신호도 부족하여 바닥 확인 전까지 진입은 시기상조다.","VIX 23.87은 시장 불안이 다소 높은 수준으로, 적극적 매수보다는 선별적 접근이 필요한 환경이다. 4월 초 관세 정책 불확실성과 매크로 이벤트 리스크를 감안하면 확신도 높은 종목에만 진입해야 한다.",0.3887,3.01,40.06,37.72,23.87,2026-04-03T13:26:03.90861+00:00,2026-04-03T23:30:41.489404+00:00
147,2026-04-03,AMGN,암젠,HOLD,"골든크로스 미발생, 현재가($347.94)가 SMA50($366.53) 대비 약 5% 하회하고 RSI 39.58로 매수구간에 미달하며, ADX 18.66으로 추세도 약해 방향성 없는 횡보 가능성이 높다. 거래량도 5일 평균 대비 0.6배로 매수세 유입이 확인되지 않는다.","VIX 23.87은 시장 불안이 다소 높은 수준으로, 적극적 매수보다는 선별적 접근이 필요한 환경이다. 4월 초 관세 정책 불확실성과 매크로 이벤트 리스크를 감안하면 확신도 높은 종목에만 진입해야 한다.",0.3178,3.13,39.58,19.56,23.87,2026-04-03T13:26:04.21299+00:00,2026-04-03T23:30:41.660901+00:00
151,2026-04-06,TSLA,테슬라,HOLD,"현재가($360.59)가 SMA20($371.72)과 SMA50($390.97) 모두 하회하는 하락 추세에 있으며, RSI 38.91은 과매도도 아닌 애매한 구간이다. MACD 매수신호가 발생했으나 골든크로스 미형성 상태에서 데드크로스 구간의 약한 반등 시도에 불과할 수 있어, VIX 23.87 환경에서 진입하기엔 리스크 대비 보상이 불충분하다.","VIX 23.87은 시장 불안이 다소 높은 수준으로, 적극적 매수보다는 선별적 접근이 필요한 환경이다. 세 종목 모두 감성분석 데이터가 없고 종합점수가 0.5 미만으로 전반적으로 확신도가 낮은 후보군이다.",0.4679,5.3,38.91,27.55,23.87,2026-04-06T11:05:20.855086+00:00,2026-04-06T23:30:46.16042+00:00
154,2026-04-06,NFLX,넷플릭스,BUY,"골든크로스 형성, MACD 매수신호, RSI 58.97 강세 진입 등 기술적 지표가 세 종목 중 가장 정렬되어 있고, 현재가($98.66)가 SMA20($94.29)·SMA50($91.46) 모두 상회하여 상승 추세가 유효하다. ADX 18.66으로 추세 강도가 약하고 거래량이 부족한 점은 리스크이나, 기술적 신호의 일관성이 높아 소규모 포지션 진입은 정당화된다.","VIX 23.87은 시장 불안이 다소 높은 수준으로, 적극적 매수보다는 선별적 접근이 필요한 환경이다. 세 종목 모두 감성분석 데이터가 없고 종합점수가 0.5 미만으로 전반적으로 확신도가 낮은 후보군이다.",0.36,2.84,58.97,18.66,23.87,2026-04-06T11:42:07.545412+00:00,2026-04-06T23:30:46.411252+00:00
155,2026-04-06,AMGN,암젠,HOLD,"골든크로스 미형성, 현재가($347.94)가 SMA50($365.32) 대비 약 5% 하회, ADX 19.54로 추세 부재, 거래량 0.6배로 매수세 유입이 전혀 없는 상태이다. MACD 매수신호만으로는 하락 추세 속 약한 반등을 잡기에 근거가 부족하며, 종합점수 0.30은 매수 기준에 미달한다.","VIX 23.87은 시장 불안이 다소 높은 수준으로, 적극적 매수보다는 선별적 접근이 필요한 환경이다. 세 종목 모두 감성분석 데이터가 없고 종합점수가 0.5 미만으로 전반적으로 확신도가 낮은 후보군이다.",0.3029,4.77,39.59,19.54,23.87,2026-04-06T11:42:07.756268+00:00,2026-04-06T23:30:46.585876+00:00
159,2026-04-07,AMGN,암젠,HOLD,"현재가($342.57)가 SMA20($349.24)과 SMA50($364.79) 모두 하회하며 하락 추세 지속 중이고, RSI 35.6은 과매도 근접이나 아직 반등 확인이 안 된 상태이다. ML 상승확률 4.32%는 유의미한 엣지로 보기 어렵고, 거래량도 평균 이하(0.83배)로 매수세 유입이 확인되지 않아 추세 전환 확인 후 진입이 바람직하다.","VIX 24.17은 시장 불안이 다소 높은 수준으로, 공격적 매수보다는 선별적 접근이 필요한 환경이다. 양 종목 모두 SMA20/50 아래에서 거래되며 하락 추세가 지속 중이나, MACD 매수신호가 나타나 단기 반등 가능성은 존재한다.",0.3593,4.32,35.6,20.11,24.17,2026-04-07T11:25:51.056622+00:00,2026-04-07T23:34:31.578517+00:00
160,2026-04-07,AVGO,브로드컴,HOLD,"거래량이 5일 평균 대비 0.01배로 극단적으로 낮아 데이터 신뢰성에 심각한 의문이 있으며, 이는 시스템 오류 또는 비정상 거래일(휴장 직후 등) 가능성을 시사한다. 골든크로스 미발생에 SMA50($321.44) 하회 중이고, VIX 24 수준에서 반도체 섹터의 변동성 리스크를 감안하면 정상 거래량 확인 후 재검토가 필요하다.","VIX 24.17은 시장 불안이 다소 높은 수준으로, 공격적 매수보다는 선별적 접근이 필요한 환경이다. 양 종목 모두 SMA20/50 아래에서 거래되며 하락 추세가 지속 중이나, MACD 매수신호가 나타나 단기 반등 가능성은 존재한다.",0.3298,5.86,46.38,22.87,24.17,2026-04-07T11:25:51.392075+00:00,2026-04-07T23:34:31.90247+00:00
163,2026-04-08,AAPL,애플,HOLD,"현재가($253.50)가 SMA50($257.38) 대비 약 1.5% 하회하고 골든크로스 미발생, ADX 19.34로 추세가 없는 횡보 구간이며, MACD 매수신호가 발생했으나 RSI 47로 중립이고 VIX가 높아 신뢰도가 낮습니다. 4월 말 실적 시즌 임박(AAPL 통상 4월 말~5월 초 실적 발표)으로 실적 발표 전 진입은 리스크가 큽니다.","VIX 25.78은 시장 불안감이 평균 이상으로 높은 상태를 나타내며, 적극적 매수보다는 선별적 접근이 필요한 환경입니다. 두 종목 모두 골든크로스 미발생, SMA50 하회, ADX 약세 등 뚜렷한 상승 추세가 부재한 상황입니다.",0.4063,4.75,47.02,19.34,25.78,2026-04-08T12:44:37.408947+00:00,2026-04-08T23:32:54.538793+00:00
164,2026-04-08,PEP,펩시코,HOLD,"현재가($153.21)가 SMA50($159.28) 대비 약 3.8% 하회하여 하락 추세 속에 있고, 거래량이 5일 평균의 0.79배로 매수세가 약합니다. 펩시코는 통상 4월 중순(4/22 전후) 실적 발표가 예정되어 있어 1~2주 내 실적 이벤트 리스크가 존재하며, 감성분석도 소폭 부정적(-0.015)이므로 실적 확인 후 진입이 바람직합니다.","VIX 25.78은 시장 불안감이 평균 이상으로 높은 상태를 나타내며, 적극적 매수보다는 선별적 접근이 필요한 환경입니다. 두 종목 모두 골든크로스 미발생, SMA50 하회, ADX 약세 등 뚜렷한 상승 추세가 부재한 상황입니다.",0.3814,7.4,43.04,20.43,25.78,2026-04-08T12:44:37.716185+00:00,2026-04-08T23:32:55.041369+00:00
167,2026-04-09,NFLX,넷플릭스,HOLD,"골든크로스와 MACD 매수신호는 긍정적이나, 거래량이 5일 평균 대비 0.04배로 극도로 낮아 신호의 신뢰성이 매우 부족하며, 4월 중순 넷플릭스 실적 발표(통상 4월 셋째 주)가 1~2주 내로 임박해 있어 실적 리스크가 큽니다. RSI 66.31도 과매수 근접 구간으로 추가 상승 여력이 제한적입니다.","VIX 21.04는 다소 높은 불확실성을 반영하지만 극단적 공포 수준은 아니며, 선별적 매수가 가능한 환경입니다. 다만 4월 중순 실적 시즌 진입과 매크로 이벤트에 대한 경계가 필요합니다.",0.4709,13.99,66.31,22.5,21.04,2026-04-09T13:41:05.046898+00:00,2026-04-09T23:34:50.268685+00:00
169,2026-04-10,ADBE,어도비,BUY,"ML 예측 상승확률 12.88%에 예측가 대비 약 13% 업사이드가 있고, MACD 매수신호 전환과 거래량 급증(1.95배)이 바닥권 매집을 시사한다. RSI 31.69는 과매도 직전 수준이며 ADX 37로 추세가 살아있어 하락 추세 소진 후 반등 가능성이 높다고 판단한다.","VIX 19.49는 중립~약간 불안 구간으로, 적극적 매수보다는 선별적 접근이 필요한 시장 환경이다. 대부분의 후보 종목이 SMA50 하회 중이며 하락 추세에서 반등을 노리는 역추세 매매 성격이 강해 종목별 엄격한 필터링이 요구된다.",0.6167,12.88,31.69,37.36,19.49,2026-04-10T11:22:46.925317+00:00,2026-04-10T23:33:58.69405+00:00
170,2026-04-10,NFLX,넷플릭스,HOLD,"RSI 70.80으로 과매수 구간에 진입해 있어 단기 조정 리스크가 크고, 골든크로스와 긍정적 감성에도 불구하고 과매수 상태에서의 신규 매수는 고점 추격 위험이 있다. 4월 중순 넷플릭스 실적 발표 시즌이 임박해 있어 변동성 확대 가능성도 HOLD 사유이다.","VIX 19.49는 중립~약간 불안 구간으로, 적극적 매수보다는 선별적 접근이 필요한 시장 환경이다. 대부분의 후보 종목이 SMA50 하회 중이며 하락 추세에서 반등을 노리는 역추세 매매 성격이 강해 종목별 엄격한 필터링이 요구된다.",0.599,27.07,70.8,22.91,19.49,2026-04-10T11:22:47.174719+00:00,2026-04-10T23:33:59.000368+00:00
171,2026-04-10,MSFT,마이크로소프트,HOLD,"상승확률 4.85%로 매우 낮고, 현재가가 SMA50(387) 대비 크게 하회하며 골든크로스도 미발생 상태로 하락 추세가 지속 중이다. MACD 매수신호가 나왔으나 아직 음수 영역 깊숙이 있어 추세 전환 확인이 필요하다.","VIX 19.49는 중립~약간 불안 구간으로, 적극적 매수보다는 선별적 접근이 필요한 시장 환경이다. 대부분의 후보 종목이 SMA50 하회 중이며 하락 추세에서 반등을 노리는 역추세 매매 성격이 강해 종목별 엄격한 필터링이 요구된다.",0.4474,4.85,40.22,31.36,19.49,2026-04-10T11:22:47.519947+00:00,2026-04-10T23:33:59.233321+00:00
172,2026-04-10,CMCSA,컴캐스트,HOLD,"상승확률 5.88%로 낮고, 거래량이 평균 이하(0.92배)로 매수세 유입이 확인되지 않으며, ADX 23으로 뚜렷한 추세도 없어 횡보 가능성이 높다. 종합점수 0.40으로 매수 기준에 미달한다.","VIX 19.49는 중립~약간 불안 구간으로, 적극적 매수보다는 선별적 접근이 필요한 시장 환경이다. 대부분의 후보 종목이 SMA50 하회 중이며 하락 추세에서 반등을 노리는 역추세 매매 성격이 강해 종목별 엄격한 필터링이 요구된다.",0.4024,5.88,41.18,23.73,19.49,2026-04-10T11:22:47.7353+00:00,2026-04-10T23:33:59.46033+00:00
173,2026-04-10,PYPL,페이팔,HOLD,"ADX 9.42로 추세가 극히 약해 방향성 없는 횡보 구간이며, 감성분석이 -0.28로 부정적 뉴스가 우세하다. 거래량도 평균 수준으로 모멘텀이 부재하여 현 시점 진입은 시기상조이다.","VIX 19.49는 중립~약간 불안 구간으로, 적극적 매수보다는 선별적 접근이 필요한 시장 환경이다. 대부분의 후보 종목이 SMA50 하회 중이며 하락 추세에서 반등을 노리는 역추세 매매 성격이 강해 종목별 엄격한 필터링이 요구된다.",0.3353,5.81,53.0,9.42,19.49,2026-04-10T11:22:47.941494+00:00,2026-04-10T23:33:59.709977+00:00
